{
  "base": {
    "passed": 36,
    "total": 164,
    "pass_at_1": 0.21951219512195122
  },
  "format_guard": {
    "passed": 116,
    "total": 164,
    "pass_at_1": 0.7073170731707317
  }
}