{
  "base": {
    "n": 164,
    "pass_at_1_v1": 0.21951219512195122,
    "pass_at_1_v2": 0.5609756097560976,
    "improved": 58,
    "worsened": 2
  },
  "format_guard": {
    "n": 164,
    "pass_at_1_v1": 0.7073170731707317,
    "pass_at_1_v2": 0.7317073170731707,
    "improved": 7,
    "worsened": 3
  }
}